<?xml version="1.0" encoding="utf-8"?>
<identification>
    <version>0.1</version>
    <lineID>1</lineID>
    <ip>192.168.1.4</ip>
    <time>20181010.192334</time>
    <barcode>N12345678911123</barcode>
    <barcodeResult>567</barcodeResult>
    <imageName>img_004.jpg</imageName>
    <method>auto</method>
    <usrName>zhangsan</usrName>
    <typeByRecog>d2_black_pvc_line_cloth</typeByRecog>
    <typeByBarcode>k216_black_pvc_hole_cloth</typeByBarcode>
    <typeByInput>k215_ecru_pvc_hole_cloth</typeByInput>
    <cameraName>canno eos13D</cameraName>
    <correct>0</correct>
</identification>